INSERT INTO conditions_afip
            (condition,
             created_at,
             update_at)
VALUES      ('Responsable Inscripto',
             GETDATE(),
             GETDATE()),
            ('Monotributista',
             GETDATE(),
             GETDATE()),
            ('Consumidor Final',
             GETDATE(),
             GETDATE()),
            ('Exento',
             GETDATE(),
             GETDATE()),
            ('No Responsable',
             GETDATE(),
             GETDATE()),
            ('Otro',
             GETDATE(),
             GETDATE()); 

INSERT INTO categories_supplier
            (category_supplier,
             created_at,
             update_at,
             DELETE_CATEGORY_SUPPLIER
             )
VALUES      ('Tecnologico',
             GETDATE(),
             GETDATE(), 0),
            ('Alimenticio',
             GETDATE(),
             GETDATE(), 0),
            ('Textil',
             GETDATE(),
             GETDATE(), 0),
            ('Farmaceutico',
             GETDATE(),
             GETDATE(), 0),
            ('Electrodomosticos',
             GETDATE(),
             GETDATE(), 0),
            ('Automotriz',
             GETDATE(),
             GETDATE(), 0),
            ('Moda',
             GETDATE(),
             GETDATE(), 0),
            ('Joyeria',
             GETDATE(),
             GETDATE(), 0),
            ('Muebles y Decoracion',
             GETDATE(),
             GETDATE(), 0),
            ('Cosmeticos',
             GETDATE(),
             GETDATE(), 0);          

INSERT INTO countries
            (country
             )
VALUES      ('Argentina'),
            ('Uruguay'),
            ('Brasil'),
            ('Chile'),
            ('Paraguay');

INSERT INTO provinces
            (province,
             id_country)
VALUES      ('Buenos Aires',
             1), -- Provincias de Argentina
            ('Cordoba',
             1),
            ('Santa Fe',
             1),
            ('Mendoza',
             1),
            ('Tucuman',
             1),
            ('Entre Rios',
             1),
            ('Salta',
             1),
            ('Misiones',
             1),
            ('Chaco',
             1),
            ('Corrientes',
             1),
            ('Santiago del Estero',
             1),
            ('San Juan',
             1),
            ('Jujuy',
             1),
            ('Rio Negro',
             1),
            ('Formosa',
             1),
            ('Neuquen',
             1),
            ('Chubut',
             1),
            ('San Luis',
             1),
            ('Catamarca',
             1),
            ('La Rioja',
             1),
            ('La Pampa',
             1),
            ('Santa Cruz',
             1),
            ('Tierra del Fuego',
             1),
            ('Montevideo',
             2), -- Provincias de Uruguay
            ('Canelones',
             2),
            ('Maldonado',
             2),
            ('Colonia',
             2),
            ('San Jose',
             2),
            ('Rio Negro',
             2),
            ('Artigas',
             2),
            ('Sao Paulo',
             3), -- Provincias de Brasil
            ('Rio de Janeiro',
             3),
            ('Minas Gerais',
             3),
            ('Bahia',
             3),
            ('Parana',
             3),
            ('Rio Grande do Sul',
             3),
            ('Amazonas',
             3),
            ('Santiago',
             4), -- Pronvicias de Chile
            ('Valparaiso',
             4),
            ('Biobio',
             4),
            ('Coquimbo',
             4),
            ('Asuncion',
             5), -- Provincia de Paraguay
            ('Central',
             5),
            ('Cordillera',
             5),
            ('Alto Paraguay',
             5); 

INSERT INTO directions
            (street_supplier,
             num_supplier,
             cp_supplier,
             location,
             id_province)
VALUES      ('Av. Rivadavia',
             123,
             1405,
             'Buenos Aires',
             1),
            ('Rua Augusta',
             456,
             0130,
             'Sao Paulo',
             31),
            ('Avenida 18 de Julio',
             789,
             1120,
             'Montevideo',
             24),
            ('Rua Oscar Freire',
             789,
             0146,
             'Rio Janeiro',
             31),
            ('Calle Florida',
             456,
             1005,
             'Cordoba',
             2),
            ('Rambla Sur',
             123,
             2010,
             'Canelones',
             25),
            ('Avenida Paulista',
             987,
             0111,
             'Minas Gerais',
             33),
            ('Calle de la Ciudad Vieja',
             567,
             1100,
             'Artigas',
             30),
            ('Avenida Copacabana',
             456,
             2220,
             'Rio de Janeiro',
             32),
            ('Plaza Independencia',
             789,
             1100,
             'Montevideo',
             12),
            ('Calle Corrientes',
             101,
             1043,
             'Buenos Aires',
             15),
            ('Rua das Palmeiras',
             234,
             0435,
             'Sao Paulo',
             30),
            ('Av. de Mayo',
             567,
             1084,
             'Buenos Aires',
             16),
            ('Rua Bela Cintra',
             789,
             1415,
             'Sao Paulo',
             3),
            ('Rambla Mahatma Gandhi',
             101,
             2000,
             'Montevideo',
             10); 

INSERT INTO contacts
            (name_contact,
             last_name_contact,
             tel_contact,
             email_contact,
             rol_contact)
VALUES      ('Alejandro',
             'Perez',
             3514556677,
             'alejandro.perez@gmail.com',
             'Coordinador de Compras'),
            ('Ana María',
             'Fernandez',
             3512334455,
             'ana.fernandez@hotmail.com',
             'Gerente en Recursos Humanos'),
            ('Pedro',
             'García',
             3518776655,
             'pedro.garcia@gmail.com',
             'Director Financiero'),
            ('Sofía',
             'Hernandez',
             3515443322,
             'sofia.hernandez@gmail.com',
             'Administracion'),
            ('Roberto',
             'Díaz',
             3518990011,
             'roberto.diaz@gmail.com',
             'Jefe de Producción'),
            ('Carolina',
             'Luna',
             3513445566,
             'carolina.luna@gmail.com',
             'Coordinadora de Compras'),
            ('Francisco',
             'Vega',
             3518991122,
             'francisco.vega@gmail.com',
             'Administracion'),
            ('Daniela',
             'Suárez',
             3514556677,
             'daniela.suarez@gmail.com',
             'Administracion'),
            ('Javier',
             'Morales',
             3512334455,
             'javier.morales@hotmail.com',
             'Gerente General'),
            ('Elena',
             'Gutierrez',
             3518776655,
             'elena.gutierrez@hotmail.com',
             'Dueña'); 

INSERT INTO categories_products
            (category_product,
             created_at,
             update_at,
             DELETE_CATEGORY_PRODUCT)
VALUES      ('Frutas y Verduras',
             GETDATE(),
             GETDATE(),0),
            ('Productos Lacteos',
             GETDATE(),
             GETDATE(),0),
            ('Bebidas y Jugos',
             GETDATE(),
             GETDATE(),0),
            ('Panaderia y Pasteleria',
             GETDATE(),
             GETDATE(),0),
            ('Smartphones',
             GETDATE(),
             GETDATE(),0),
            ('Computadoras Portatiles',
             GETDATE(),
             GETDATE(),0),
            ('Electronica de Consumo',
             GETDATE(),
             GETDATE(),0),
            ('Dispositivos de Audio',
             GETDATE(),
             GETDATE(),0),
            ('Electrodomesticos de Cocina',
             GETDATE(),
             GETDATE(),0),
            ('Ropa de Hombre',
             GETDATE(),
             GETDATE(),0),
            ('Ropa de Mujer',
             GETDATE(),
             GETDATE(),0),
            ('Calzado',
             GETDATE(),
             GETDATE(),0),
            ('Accesorios de Moda',
             GETDATE(),
             GETDATE(),0),
            ('Muebles de Sala',
             GETDATE(),
             GETDATE(),0),
            ('Muebles de Dormitorio',
             GETDATE(),
             GETDATE(),0),
            ('Decoracion del Hogar',
             GETDATE(),
             GETDATE(),0),
            ('Iluminacion',
             GETDATE(),
             GETDATE(),0),
            ('Repuestos y Accesorios',
             GETDATE(),
             GETDATE(),0),
            ('Aceites y Lubricantes',
             GETDATE(),
             GETDATE(),0),
            ('Alimentos Varios',
             GETDATE(),
             GETDATE(),0),
            ('Cuidado Personal',
             GETDATE(),
             GETDATE(),0); 
             
             
INSERT INTO Status_Purchase_Orders(status)
VALUES 
('Pendiente'),
('Cancelado'),
('Entregado');

INSERT INTO suppliers
            (id_condition_afip,
             id_category_supplier,
             id_contact,
             id_direction,
             url_supplier,
             code_supplier,
             name_supplier,
             cuit_supplier,
             web_supplier,
             email_supplier,
             tel_supplier,
             created_at,
             update_at,DELETE_SUPPLIER )
VALUES      (1,
             2,
             1,
             1,
'https://ams3.digitaloceanspaces.com/graffica/2023/02/cocacola-logo.jpeg',
'PVR123456',
'Coca Cola SRL',
'20-34567890-1',
'http://coca-cola.com',
'info@cocacola.com',
'3511234567',
GETDATE(),
GETDATE(), 0),
            (1,
             1,
             2,
             2,
'https://upload.wikimedia.org/wikipedia/commons/thumb/6/66/Arcor_logo.svg/581px-Arcor_logo.svg.png'
             ,
'PRV789012',
'Arcor SRL',
'30-51234567-8',
'http://arcor.com',
'info@arcor.com',
'3519876543',
GETDATE(),
GETDATE(), 0),
            (2,
             10,
             3,
             3,
'https://encrypted-tbn0.gstatic.com/images?q=tbn:ANd9GcSgcBrSKkvAgui_g7S1UL-J8AFZ-LTamau-d-qFYX3pQQ&s'
             ,
'PRO345678',
'Dove SA',
'40-19876543-2',
'http://doveArg.com',
'dove@gmail.com',
'3515551212',
GETDATE(),
GETDATE(), 0),
            (1,
             4,
             4,
             4,
'https://encrypted-tbn0.gstatic.com/images?q=tbn:ANd9GcQ9H-rkD3nIjBvpxvD6m_c5vaDNVEloqUmAPVcQzxxC-A&s'
             ,
'PVDR90123',
'Loreal Argentina SA',
'50-12345678-9',
'http://lorealArg.com',
'info@loreal.com',
'3518765432',
GETDATE(),
GETDATE(), 0),
            (3,
             1,
             5,
             5,
'https://images.samsung.com/is/image/samsung/assets/global/about-us/brand/logo/360_197_1.png?$FB_TYPE_B_PNG$'
             ,
'PRO456789',
'Samsung SA',
'60-58765432-1',
'http://samsung.com',
'contactosamsung@gmail.com',
'3512345678',
GETDATE(),
GETDATE(), 0),
            (4,
             5,
             6,
             6,
'https://encrypted-tbn0.gstatic.com/images?q=tbn:ANd9GcQ_2y6M-YsloFiFFAxenUmmE_S1rRRxEU5RXXrCHqMlpZfbe0vNL4qbl4f-_g&s'
             ,
'PVD890123',
'WhirlPool Argentina SA',
'70-32109876-5',
'http://WhirlPoolargentina.com',
'WhirlPoolargentina@hotmail.com',
'3518901234',
GETDATE(),
GETDATE(), 0),
            (1,
             3,
             7,
             7,
'https://encrypted-tbn0.gstatic.com/images?q=tbn:ANd9GcRM8eUfBUXVsOR5irjwFJEx_JPC57_u0lfkUIwJs9KwxLdtfvbYwHLJDp-zrg&s'
             ,
'PRDR45678',
'Adidas SRL',
'80-36543210-9',
'http://adidas.com',
'info@adidas.com',
'3512345678',
GETDATE(),
GETDATE(), 0),
            (5,
             8,
             8,
             8,
             NULL,
             'PRVR90123',
             'Juanita Perez',
             '90-98765432-1',
             'http://tiendanubeJuanita.com',
             'juani@hotmail.com',
             '3518765432',
             GETDATE(),
             GETDATE(), 0),
            (1,
             9,
             9,
             9,
             NULL,
             'PVRD45678',
             'Todo Muebles SRL',
             '30-12345678-9',
             'http://todomuebles.com',
             'muebles@hotmail.com',
             '3512345678',
             GETDATE(),
             GETDATE(), 0),
            (2,
             9,
             10,
             10,
             NULL,
             'PROV90123',
             'Todo Sillas',
             '30-98765432-1',
             'http://todosillas.com',
             'sillas@hotmail.com',
             '3518765432',
             GETDATE(),
             GETDATE(), 0); 
             
INSERT INTO products
            (id_category_product,
             id_supplier,
             url_product,
             code_product,
             name_product,
             description_product,
             price_product,
             created_at,
             update_at,DELETE_PRODUCT )
VALUES      (3,
             1,
'https://jumboargentina.vtexassets.com/arquivos/ids/783070-800-auto?v=638206690815300000&width=800&height=auto&aspect=true'
             ,
'AB12345678',
'Gaseosa Coca-cola',
'Sabor Original 2.25 L',
2200,
GETDATE(),
GETDATE(), 0 ),
            (3,
             1,
'https://jumboargentina.vtexassets.com/arquivos/ids/784006-800-auto?v=638215869813300000&width=800&height=auto&aspect=true'
             ,
'CD98765432',
'Gaseosa Sprite',
'Lima-limón 1.5 L',
1780,
GETDATE(),
GETDATE(), 0),
            (20,
             2,
'https://jumboargentina.vtexassets.com/arquivos/ids/596857-800-auto?v=637321952338700000&width=800&height=auto&aspect=true'
             ,
'EF54321098',
'Helado',
'Pote Bon O Bon X250gr',
4000,
GETDATE(),
GETDATE(), 0),
            (20,
             2,
'https://jumboargentina.vtexassets.com/arquivos/ids/674442-800-auto?v=637716164583130000&width=800&height=auto&aspect=true'
             ,
'GH45678901',
'Mermelada',
'Arcor Light Frutilla X390g',
2500,
GETDATE(),
GETDATE(), 0),
            (20,
             2,
'https://jumboargentina.vtexassets.com/arquivos/ids/651270-800-auto?v=637600152733670000&width=800&height=auto&aspect=true'
             ,
'IJ78901234',
'Caramelos Butter Toffees',
'Dulce De Leche 140g',
1500,
GETDATE(),
GETDATE(), 0),
            (21,
             3,
'https://jumboargentina.vtexassets.com/arquivos/ids/792866-800-auto?v=638300434318370000&width=800&height=auto&aspect=true'
             ,
'KL23456789',
'Desodorante Dove',
'Original Antitranspirante 150 Ml',
1400,
GETDATE(),
GETDATE(), 0),
            (21,
             4,
'https://jumboargentina.vtexassets.com/arquivos/ids/792662-800-auto?v=638297949751970000&width=800&height=auto&aspect=true'
             ,
'MN87654321',
'Crema Tratamiento Elvive',
'Elvive Rt5 Keratin 300gr',
4500,
GETDATE(),
GETDATE(), 0),
            (5,
             5,
'https://samsungar.vtexassets.com/arquivos/ids/191579-800-auto?width=800&height=auto&aspect=true'
             ,
'OP34567890',
'Galaxy S21',
'5G Graphite 128GB',
959000,
GETDATE(),
GETDATE(), 0),
            (6,
             5,
'https://samsungar.vtexassets.com/arquivos/ids/188322-800-auto?width=800&height=auto&aspect=true'
             ,
'QR21098765',
'Galaxy Book3',
'(15.6", i3, 8GB)',
1300000,
GETDATE(),
GETDATE(), 0),
            (9,
             6,
'https://medias.musimundo.com/medias/size515-148167-01.jpg?context=bWFzdGVyfGltYWdlc3wzMDMzMnxpbWFnZS9qcGVnfGg0NS9oZTAvMTA1MjcxMDEyODg0Nzgvc2l6ZTUxNV8xNDgxNjdfMDEuanBnfGQ5ODRjMzU4MThmMjJlMTVmMzIyYjczMzAwZjVjZWNjMjg3M2JkZjRjZTRkZjc2NWFlN2VlYTgyZTJkNjRiYTQ'
             ,
'ST65432109',
'Lavarropas',
'Secarropas por calor. Capacidad 7kg.',
750000,
GETDATE(),
GETDATE(), 0),
            (11,
             7,
'https://assets.adidas.com/images/h_840,f_auto,q_auto,fl_lossy,c_fill,g_auto/38b72f141ce047dcad98ade20046cb36_9366/Remera_Badge_of_Sport_Basic_Negro_HH9000_01_laydown.jpg'
             ,
'UV98765432',
'Remera Badge',
'Las remeras más cool, como las personas más cool',
30000,
GETDATE(),
GETDATE(), 0),
            (11,
             7,
'https://assets.adidas.com/images/h_840,f_auto,q_auto,fl_lossy,c_fill,g_auto/e785d14ee892427ea254ac4600eda2ce_9366/Buzo_con_Capucha_Essentials_Camouflage_Blanco_GL0018_01_laydown.jpg'
             ,
'WX23456789',
'Buzo con capucha',
'Actualizá tu colección de ropa con este buzo con capucha de corte informal. El logo de adidas con estampado de camuflaje moderniza su imagen clásica.' ,
92000,
GETDATE(),
GETDATE(), 0),
            (14,
             9,
'https://www.rioshopdeco.com.ar/10856-thickbox_default/mesa-industrial-140x82x73-atakama-art-mkh140-at.jpg'
             ,
'YZ34567890',
'Mesa Industrial Atakama',
'Material: Madera; Contiene: Mesa industrial rectangular; Modelo: Atakama',
230000,
GETDATE(),
GETDATE(), 0),
            (15,
             10,
'https://www.rioshopdeco.com.ar/10394-thickbox_default/silla-gamer-pro-negra-y-blanca-art-2153.jpg'
             ,
'ABCD567890',
'Silla Gamer Pro',
'Material: Plastico, Sintetico; Contiene: Silla gamer pro; Colores: Negro con detalles en blanco',
230000,
GETDATE(),
GETDATE(), 0); 

INSERT INTO purchase_orders
            (id_supplier,
             id_status_order,
             date_issue_purchase_order,
             date_delivery_purchase_order,
             reception_purchase_order,
             total_purchase_order,
             created_at,
             update_at, DELETE_ORDER)
VALUES      (1,
             1,
             '2024-02-15',
             '2024-02-28',
             'Tocar el timbre',
             18960,
             GETDATE(),
             GETDATE(),0),
            (2,
             1,
             '2024-02-14',
             '2024-03-01',
             'Dejar en la puerta',
             27000,
             GETDATE(),
             GETDATE(),0),
            (3,
             2,
             '2024-01-14',
             '2024-01-20',
             'Llamar al teléfono',
             2800,
             GETDATE(),
             GETDATE(),1),
            (4,
             2,
             '2024-02-16',
             '2024-03-22',
             'Avisar cuando salga el pedido',
             9000,
             GETDATE(),
             GETDATE(),1),
            (5,
             1,
             '2024-02-18',
             '2024-03-25',
             'Entregar al portero',
             2259000,
             GETDATE(),
             GETDATE(),0),
            (7,
             1,
             '2024-02-15',
             '2024-03-28',
             'Avisar cuando salga el pedido',
             30000,
             GETDATE(),
             GETDATE(),0),
            (9,
             2,
             '2023-11-19',
             '2023-11-28',
             'Golpear',
             460000,
             GETDATE(),
             GETDATE(),1),
            (10,
             2,
             '2023-07-19',
             '2023-07-28',
             'Golpear',
             460000,
             GETDATE(),
             GETDATE(),1),
            (7,
             2,
             '2022-10-20',
             '2022-11-01',
             'Entregar al portero',
             92000,
             GETDATE(),
             GETDATE(),1),
            (6,
             2,
             '2022-11-20',
             '2022-11-25',
             'Venir con ayuda para bajarlo',
             750000,
             GETDATE(),
             GETDATE(),1); 
             
             
INSERT INTO details_purchase_orders
            (id_purchase_order,
             id_product,
             quantity_detail,
             price_detail,
             created_at,
             update_at,delete_Detail)
VALUES      (1,
             1,
             7,
             15400,
             GETDATE(),
             GETDATE(), 0),
            (1,
             2,
             2,
             3560,
             GETDATE(),
             GETDATE(), 0),
            (2,
             3,
             2,
             8000,
             GETDATE(),
             GETDATE(), 0),
            (2,
             4,
             4,
             10000,
             GETDATE(),
             GETDATE(), 0),
            (2,
             5,
             6,
             9000,
             GETDATE(),
             GETDATE(), 0),
            (3,
             6,
             2,
             2800,
             GETDATE(),
             GETDATE(), 0),
            (4,
             7,
             2,
             9000,
             GETDATE(),
             GETDATE(), 0),
            (5,
             8,
             1,
             959000,
             GETDATE(),
             GETDATE(), 0),
            (5,
             9,
             1,
             1300000,
             GETDATE(),
             GETDATE(), 0),
            (6,
             11,
             1,
             30000,
             GETDATE(),
             GETDATE(), 0),
            (7,
             13,
             2,
             460000,
             GETDATE(),
             GETDATE(), 0),
            (8,
             14,
             2,
             460000,
             GETDATE(),
             GETDATE(), 0),
            (9,
             7,
             1,
             92000,
             GETDATE(),
             GETDATE(), 0),
            (10,
             6,
             1,
             750000,
             GETDATE(),
             GETDATE(), 0);



             
             
